Date,Time,"Virtual Memory Committed [MB]","Virtual Memory Available [MB]","Virtual Memory Load [%]","Physical Memory Used [MB]","Physical Memory Available [MB]","Physical Memory Load [%]","Page File Usage [%]","Page File Total [MB]","Page File Used [MB]","Core VIDs (avg) [V]","Core 0 VID [V]","Core 1 VID [V]","Core 2 VID [V]","Core 3 VID [V]","Core 4 VID [V]","Core 5 VID [V]","Core 6 VID [V]","Core 7 VID [V]","Core Clocks (avg) [MHz]","Core 0 Clock (perf #1/4) [MHz]","Core 1 Clock (perf #1/3) [MHz]","Core 2 Clock (perf #2/6) [MHz]","Core 3 Clock (perf #3/5) [MHz]","Core 4 Clock (perf #6/8) [MHz]","Core 5 Clock (perf #4/2) [MHz]","Core 6 Clock (perf #5/1) [MHz]","Core 7 Clock (perf #7/7) [MHz]","Bus Clock [MHz]","Core Effective Clocks (avg) [MHz]","Core 0 T0 Effective Clock [MHz]","Core 0 T1 Effective Clock [MHz]","Core 1 T0 Effective Clock [MHz]","Core 1 T1 Effective Clock [MHz]","Core 2 T0 Effective Clock [MHz]","Core 2 T1 Effective Clock [MHz]","Core 3 T0 Effective Clock [MHz]","Core 3 T1 Effective Clock [MHz]","Core 4 T0 Effective Clock [MHz]","Core 4 T1 Effective Clock [MHz]","Core 5 T0 Effective Clock [MHz]","Core 5 T1 Effective Clock [MHz]","Core 6 T0 Effective Clock [MHz]","Core 6 T1 Effective Clock [MHz]","Core 7 T0 Effective Clock [MHz]","Core 7 T1 Effective Clock [MHz]","Average Effective Clock [MHz]","Core Usage (avg) [%]","Core 0 T0 Usage [%]","Core 0 T1 Usage [%]","Core 1 T0 Usage [%]","Core 1 T1 Usage [%]","Core 2 T0 Usage [%]","Core 2 T1 Usage [%]","Core 3 T0 Usage [%]","Core 3 T1 Usage [%]","Core 4 T0 Usage [%]","Core 4 T1 Usage [%]","Core 5 T0 Usage [%]","Core 5 T1 Usage [%]","Core 6 T0 Usage [%]","Core 6 T1 Usage [%]","Core 7 T0 Usage [%]","Core 7 T1 Usage [%]","Max CPU/Thread Usage [%]","Total CPU Usage [%]","Core Utility (avg) [%]","Core 0 T0 Utility [%]","Core 0 T1 Utility [%]","Core 1 T0 Utility [%]","Core 1 T1 Utility [%]","Core 2 T0 Utility [%]","Core 2 T1 Utility [%]","Core 3 T0 Utility [%]","Core 3 T1 Utility [%]","Core 4 T0 Utility [%]","Core 4 T1 Utility [%]","Core 5 T0 Utility [%]","Core 5 T1 Utility [%]","Core 6 T0 Utility [%]","Core 6 T1 Utility [%]","Core 7 T0 Utility [%]","Core 7 T1 Utility [%]","Total CPU Utility [%]","Core Ratios (avg) [x]","Core 0 Ratio [x]","Core 1 Ratio [x]","Core 2 Ratio [x]","Core 3 Ratio [x]","Core 4 Ratio [x]","Core 5 Ratio [x]","Core 6 Ratio [x]","Core 7 Ratio [x]","Package C6 Residency [%]","Core C0 Residency (avg) [%]","Core 0 C0 Residency [%]","Core 1 C0 Residency [%]","Core 2 C0 Residency [%]","Core 3 C0 Residency [%]","Core 4 C0 Residency [%]","Core 5 C0 Residency [%]","Core 6 C0 Residency [%]","Core 7 C0 Residency [%]","Core C1 Residency (avg) [%]","Core 0 C1 Residency [%]","Core 1 C1 Residency [%]","Core 2 C1 Residency [%]","Core 3 C1 Residency [%]","Core 4 C1 Residency [%]","Core 5 C1 Residency [%]","Core 6 C1 Residency [%]","Core 7 C1 Residency [%]","Core C6 Residency (avg) [%]","Core 0 C6 Residency [%]","Core 1 C6 Residency [%]","Core 2 C6 Residency [%]","Core 3 C6 Residency [%]","Core 4 C6 Residency [%]","Core 5 C6 Residency [%]","Core 6 C6 Residency [%]","Core 7 C6 Residency [%]","Memory Clock [MHz]","Memory Clock Ratio [x]","Tcas [T]","Trcd [T]","Trp [T]","Tras [T]","Trc [T]","Trfc [T]","Command Rate [T]","CPU (Tctl/Tdie) [°C]","CPU Die (average) [°C]","CPU CCD1 (Tdie) [°C]","Core Temperatures (avg) [°C]","Core0 (CCD1) [°C]","Core1 (CCD1) [°C]","Core2 (CCD1) [°C]","Core3 (CCD1) [°C]","Core4 (CCD1) [°C]","Core5 (CCD1) [°C]","Core6 (CCD1) [°C]","Core7 (CCD1) [°C]","L3 Temperatures (avg) [°C]","L3 Cache (CCD1:CCX1) [°C]","L3 Cache (CCD1:CCX2) [°C]","CPU IOD Hotspot [°C]","CPU IOD Average [°C]","CPU Core Voltage (SVI2 TFN) [V]","SoC Voltage (SVI2 TFN) [V]","CPU Core VID (Effective) [V]","CPU Core Current (SVI2 TFN) [A]","SoC Current (SVI2 TFN) [A]","CPU TDC [A]","CPU EDC [A]","CPU Package Power [W]","Core Powers (avg) [W]","Core 0 Power [W]","Core 1 Power [W]","Core 2 Power [W]","Core 3 Power [W]","Core 4 Power [W]","Core 5 Power [W]","Core 6 Power [W]","Core 7 Power [W]","CPU Core Power (SVI2 TFN) [W]","CPU SoC Power (SVI2 TFN) [W]","Core+SoC Power (SVI2 TFN) [W]","CPU PPT [W]","Infinity Fabric Clock (FCLK) [MHz]","Memory Controller Clock (UCLK) [MHz]","L3 Clocks (avg) [MHz]","L3 Cache (CCD1:CCX1) [MHz]","L3 Cache (CCD1:CCX2) [MHz]","Frequency Limit - Global [MHz]","CPU PPT Limit [%]","CPU TDC Limit [%]","CPU EDC Limit [%]","Thermal Limit [%]","Power Reporting Deviation (Accuracy) [%]","Thermal Throttling (HTC) [Yes/No]","Thermal Throttling (PROCHOT CPU) [Yes/No]","Thermal Throttling (PROCHOT EXT) [Yes/No]","DRAM Read Bandwidth [Gbps]","DRAM Write Bandwidth [Gbps]","Average Active Core Count []","Drive Temperature [°C]","Drive Remaining Life [%]","Drive Available Spare [%]","Drive Failure [Yes/No]","Drive Warning [Yes/No]","Total Host Writes [GB]","Total Host Reads [GB]","Drive Airflow Temperature [°C]","Drive Remaining Life [%]","Drive Failure [Yes/No]","Drive Warning [Yes/No]","Total Host Writes [GB]","Read Activity [%]","Write Activity [%]","Total Activity [%]","Read Rate [MB/s]","Write Rate [MB/s]","Read Total [MB]","Write Total [MB]","Read Activity [%]","Write Activity [%]","Total Activity [%]","Read Rate [MB/s]","Write Rate [MB/s]","Read Total [MB]","Write Total [MB]","GPU Temperature [°C]","GPU Hot Spot Temperature [°C]","GPU Thermal Limit [°C]","GPU Core Voltage [V]","GPU Rail Voltages (avg) [V]","GPU PCIe +12V Input Voltage [V]","GPU 8-pin #1 Input Voltage [V]","GPU Misc0 Input Voltage [V]","GPU Fan1 [RPM]","GPU Power [W]","GPU Rail Powers (avg) [W]","GPU Core (NVVDD) Input Power (sum) [W]","GPU PCIe +12V Input Power [W]","GPU 8-pin #1 Input Power [W]","GPU Misc0 Input Power [W]","GPU Core (NVVDD1) Input Power (sum) [W]","GPU PCIe +3.3V Input Power (est) [W]","GPU Core (NVVDD) Input Power (sum) [W]","GPU Input PP Source Power (sum) [W]","GPU Core (NVVDD) Output Power [W]","GPU Core (NVVDD) Output Power [W]","GPU Power Limit (rated) [W]","GPU Power Limit (max) [W]","GPU Clock [MHz]","GPU Memory Clock [MHz]","GPU Video Clock [MHz]","GPU Effective Clock [MHz]","GPU Crossbar Clock [MHz]","GPU Core Load [%]","GPU Memory Controller Load [%]","GPU Video Engine Load [%]","GPU Bus Load [%]","GPU Memory Usage [%]","GPU D3D Usages (avg) [%]","GPU D3D Usage [%]","GPU Video Decode 0 Usage [%]","GPU Video Encode 0 Usage [%]","GPU VR Usage [%]","GPU Fan1 [%]","GPU Performance Limiters (avg) [Yes/No]","Performance Limit - Power [Yes/No]","Performance Limit - Thermal [Yes/No]","Performance Limit - Reliability Voltage [Yes/No]","Performance Limit - Max Operating Voltage [Yes/No]","Performance Limit - Utilization [Yes/No]","Performance Limit - SLI GPUBoost Sync [Yes/No]","Total GPU Power [% of TDP] [%]","Total GPU Power (normalized) [% of TDP] [%]","PCI Express Error Counters (avg) []","Receiver Errors []","Replay Count []","Replay Rollover Count []","Bad DLLP Count []","Bad TLP Count []","LCRC Error Count []","NAKs Sent Count []","NAKs Received Count []","Recovery Count []","Correctable Error Count []","Non-Fatal Error Count []","Fatal Error Count []","Unsupported Request Count []","PCIe Lane 0 Errors []","PCIe Lane 1 Errors []","PCIe Lane 2 Errors []","PCIe Lane 3 Errors []","PCIe Lane 4 Errors []","PCIe Lane 5 Errors []","PCIe Lane 6 Errors []","PCIe Lane 7 Errors []","PCIe Lane 8 Errors []","PCIe Lane 9 Errors []","PCIe Lane 10 Errors []","PCIe Lane 11 Errors []","PCIe Lane 12 Errors []","PCIe Lane 13 Errors []","PCIe Lane 14 Errors []","PCIe Lane 15 Errors []","GPU Memory Available [MB]","GPU Memory Allocated [MB]","GPU D3D Memory Dedicated [MB]","GPU D3D Memory Dynamic [MB]","PCIe Link Speed [GT/s]","Framerate Presented (avg) [FPS]","Framerate Presented (99%) [FPS]","Framerate Presented (1%) [FPS]","Framerate Presented (0.1%) [FPS]","Framerate Presented (1% low) [FPS]","Framerate Presented (0.1% low) [FPS]","Framerate Displayed (avg) [FPS]","Framerate Displayed (99%) [FPS]","Framerate Displayed (1%) [FPS]","Framerate Displayed (0.1%) [FPS]","Framerate Displayed (1% low) [FPS]","Framerate Displayed (0.1% low) [FPS]","Frame Time Presented (avg) [ms]","Frame Time Presented (99%) [ms]","Frame Time Presented (1%) [ms]","Frame Time Presented (0.1%) [ms]","Frame Time Displayed (1% high) [ms]","Frame Time Displayed (0.1% high) [ms]","GPU Busy (avg) [ms]","GPU Wait (avg) [ms]","CPU Busy (avg) [ms]","CPU Wait (avg) [ms]","Animation Error (avg) [ms]","Total DL [MB]","Total UP [MB]","Current DL rate [KB/s]","Current UP rate [KB/s]","Total DL [MB]","Total UP [MB]","Current DL rate [KB/s]","Current UP rate [KB/s]","Total Errors []",
1.7.2026,22:54:22.576,26534,3989,86.9,13385,2913,82.1,15.0,14225,2133,1.089,1.319,1.056,1.056,1.056,1.056,1.056,1.056,1.056,3584.2,3593.5,4117.6,3294.1,3294.1,3593.5,3593.5,3593.5,3593.5,99.8,377.3,1772.8,647.5,1285.7,637.3,282.9,375.1,143.8,222.1,48.3,57.0,105.9,110.7,94.5,79.6,65.7,107.7,377.3,7.5,15.9,15.7,30.8,15.2,7.2,8.5,3.8,5.6,1.6,1.8,3.0,3.0,1.6,2.3,1.2,2.9,30.8,7.5,8.3,18.2,17.3,35.4,17.3,7.7,9.9,3.8,5.8,1.3,1.5,2.8,2.9,2.1,2.0,1.6,2.8,8.3,35.9,36.0,41.2,33.0,33.0,36.0,36.0,36.0,36.0,0.0,33.1,43.7,55.8,36.6,32.2,21.5,25.4,26.2,23.8,66.9,56.3,44.2,63.4,67.8,78.5,74.6,73.8,76.2,0.0,0.0,0.0,0.0,0.0,0.0,0.0,0.0,0.0,1330.9,13.33,20,19,19,43,62,467,1,58.0,56.8,55.8,53.2,54.2,56.4,53.5,53.1,52.1,52.4,51.9,52.2,51.7,51.8,51.5,46.5,43.3,1.306,1.038,1.300,4.999,9.949,5.001,28.740,25.759,1.841,2.578,3.873,1.861,1.511,1.139,1.293,1.238,1.232,6.593,10.222,16.815,25.785,1330.6,1330.6,4037.1,4057.9,4016.2,4400.0,29.3,8.3,31.9,59.7,44.5,No,No,No,0.283,0.011,2.7,43,95.0,100.0,No,No,90764,98638,30,99.0,No,No,3320,0.2,0.5,0.7,0.157,0.226,235024,220311,0.0,0.0,0.0,0.000,0.000,292,2,33.6,45.6,83.0,0.669,12.154,12.194,12.171,12.097,1130,17.271,6.379,6.883,1.207,15.725,11.891,3.824,0.336,6.883,10.395,1.260,5.384,220.000,240.000,210.0,101.2,555.0,210.0,600.0,3.0,20.0,0.0,0.0,24.7,0.0,0.1,0.0,0.0,0.0,33,Yes,No,No,No,No,Yes,No,7.9,10.1,143,0,0,0,0,0,0,0,0,4156,0,0,0,0,0,0,0,0,0,0,0,0,0,0,0,0,0,0,0,0,6170,2022,1857,63,2.5,1.8,1.8,1.8,1.8,1.8,1.8,1.8,1.8,1.8,1.8,1.8,1.8,571.06,571.06,571.06,571.06,571.06,571.06,0.57,5.17,571.06,0.00,563.14,0,0,0.0,0.0,28454,1015,0.2,0.2,0,
1.7.2026,22:54:26.566,26504,4018,86.8,13368,2930,82.0,15.0,14225,2133,1.309,1.288,1.312,1.312,1.312,1.312,1.312,1.312,1.312,3659.0,4117.6,3593.5,3593.5,3593.5,3593.5,3593.5,3593.5,3593.5,99.8,489.6,2216.0,949.6,995.3,1065.6,381.4,686.2,388.4,232.9,43.8,53.3,176.6,139.9,109.0,99.5,196.6,100.4,489.6,9.4,20.7,22.1,23.5,25.3,8.6,15.8,9.5,4.8,1.3,1.5,4.4,2.7,1.7,1.7,4.9,2.5,25.3,9.4,10.9,24.0,25.6,27.2,29.1,10.3,18.5,10.6,6.1,1.1,1.4,4.7,3.6,2.5,2.5,5.3,2.6,10.9,36.7,41.2,36.0,36.0,36.0,36.0,36.0,36.0,36.0,0.0,40.3,54.2,60.1,47.9,41.9,25.1,32.4,31.8,29.2,59.7,45.8,39.9,52.1,58.1,74.9,67.6,68.2,70.8,0.0,0.0,0.0,0.0,0.0,0.0,0.0,0.0,0.0,1330.9,13.33,20,19,19,43,62,467,1,63.9,57.1,56.5,53.8,55.4,56.3,54.5,53.8,52.4,53.0,52.3,52.6,52.0,52.2,51.8,46.8,43.6,1.319,1.031,1.325,5.863,10.282,5.878,35.513,27.358,2.051,3.035,3.715,2.261,1.891,1.213,1.519,1.381,1.392,7.756,10.564,18.320,27.319,1330.6,1330.6,4070.8,4084.5,4057.0,4400.0,31.0,9.8,39.5,60.1,47.0,No,No,No,0.284,0.021,3.2,43,95.0,100.0,No,No,90764,98638,30,99.0,No,No,3320,0.1,0.2,0.3,0.083,0.837,235024,220314,0.0,0.0,0.0,0.000,0.000,292,2,33.7,46.0,83.0,0.669,12.149,12.190,12.167,12.090,1129,19.432,7.093,7.737,1.743,17.447,13.142,4.298,0.336,7.737,11.812,1.366,5.311,220.000,240.000,495.0,202.5,555.0,494.2,600.0,9.0,10.0,0.0,0.0,24.7,1.4,5.6,0.0,0.0,0.0,33,Yes,No,No,No,No,Yes,No,8.9,11.2,143,0,0,0,0,0,0,0,0,4157,0,0,0,0,0,0,0,0,0,0,0,0,0,0,0,0,0,0,0,0,6172,2020,1854,60,5.0,193.9,985.8,30.2,12.9,13.4,12.6,193.9,243.4,33.8,13.6,14.1,13.3,5.16,33.09,1.01,0.78,74.42,79.52,1.76,2.21,5.16,0.00,2.72,0,0,0.0,0.0,28454,1015,0.3,0.1,0,
1.7.2026,22:54:29.172,26504,4018,86.8,13366,2932,82.0,15.0,14225,2133,1.311,1.300,1.312,1.312,1.312,1.312,1.312,1.312,1.312,4117.6,4117.6,4117.6,4117.6,4117.6,4117.6,4117.6,4117.6,4117.6,99.8,241.5,1332.4,361.7,389.8,712.7,148.3,178.3,70.2,89.9,63.3,99.4,45.5,53.7,61.2,44.1,83.2,130.1,241.5,4.5,11.3,8.5,9.3,17.6,3.5,4.1,1.6,2.0,1.5,2.4,1.1,1.2,1.1,1.0,1.9,3.1,17.6,4.5,5.0,12.5,9.5,10.5,19.3,4.0,4.6,1.8,2.3,1.7,2.7,1.2,1.4,1.2,1.1,2.2,3.5,5.0,41.2,41.2,41.2,41.2,41.2,41.2,41.2,41.2,41.2,0.0,26.0,33.3,38.7,28.2,24.9,19.8,20.0,21.1,21.9,74.0,66.7,61.3,71.8,75.1,80.2,80.0,78.9,78.1,0.0,0.0,0.0,0.0,0.0,0.0,0.0,0.0,0.0,1330.9,13.33,20,19,19,43,62,467,1,61.2,54.1,55.5,52.1,52.7,53.4,52.3,51.8,51.8,51.7,51.4,51.8,51.3,51.4,51.2,47.2,44.0,1.319,1.031,1.319,3.352,10.354,3.350,21.966,23.892,1.386,1.840,2.300,1.376,1.164,1.109,1.058,1.067,1.172,4.380,10.627,15.007,23.949,1330.6,1330.6,3985.4,4010.7,3960.2,4400.0,27.2,5.6,24.4,56.9,39.3,No,No,No,0.151,0.010,2.1,43,95.0,100.0,No,No,90764,98638,30,99.0,No,No,3320,0.1,0.4,0.5,0.057,0.210,235024,220314,0.0,0.0,0.0,0.000,0.000,292,2,33.7,45.6,83.0,0.669,12.153,12.192,12.170,12.096,1131,17.405,6.415,7.292,1.353,15.626,11.576,4.051,0.336,7.292,10.031,1.252,5.343,220.000,240.000,210.0,101.2,555.0,210.7,600.0,34.0,26.0,0.0,1.0,24.6,0.8,3.0,0.0,0.0,0.0,33,Yes,No,No,No,No,Yes,No,7.9,10.6,143,0,0,0,0,0,0,0,0,4158,0,0,0,0,0,0,0,0,0,0,0,0,0,0,0,0,0,0,0,0,6175,2017,1855,60,2.5,62.4,2814.1,3.5,2.1,2.0,2.0,62.4,240.5,3.6,2.1,2.0,2.0,16.03,282.50,0.36,0.34,504.13,504.13,1.24,14.75,16.03,0.00,24.57,0,0,0.0,0.0,28454,1015,1.9,0.1,0,
1.7.2026,22:54:30.594,26500,4022,86.8,13369,2929,82.0,15.0,14225,2133,1.056,1.056,1.056,1.056,1.056,1.056,1.056,1.056,1.056,3790.0,4117.6,3593.5,3593.5,3593.5,3593.5,3593.5,4117.6,4117.6,99.8,448.9,2043.7,1009.9,2254.0,348.4,356.7,289.5,149.6,210.4,40.4,38.8,74.7,112.3,74.0,65.3,63.5,51.8,448.9,8.8,15.7,24.4,54.7,8.6,8.9,7.0,3.8,5.1,1.2,1.1,1.9,2.8,1.7,1.7,1.6,1.3,54.7,8.8,9.8,17.2,27.5,62.5,9.4,9.7,7.6,4.0,5.4,1.1,1.0,1.9,2.9,1.6,1.6,1.5,1.3,9.8,38.0,41.2,36.0,36.0,36.0,36.0,36.0,41.2,41.2,0.0,35.5,50.4,70.6,36.2,32.1,20.5,25.4,24.7,23.8,64.5,49.6,29.4,63.8,67.9,79.5,74.6,75.3,76.2,0.0,0.0,0.0,0.0,0.0,0.0,0.0,0.0,0.0,1330.9,13.33,20,19,19,43,62,467,1,61.5,59.6,56.5,53.6,55.1,58.3,53.5,53.4,52.0,52.5,51.7,52.0,51.6,51.8,51.5,47.2,43.8,1.275,1.025,1.281,5.878,9.920,5.883,31.212,26.867,2.050,3.148,4.952,1.886,1.555,1.138,1.300,1.227,1.193,7.763,10.194,17.957,26.925,1330.6,1330.6,4055.1,4088.1,4022.0,4400.0,30.6,9.8,34.7,62.7,47.1,No,No,No,0.182,0.029,2.8,43,95.0,100.0,No,No,90764,98638,30,99.0,No,No,3320,0.0,0.4,0.4,0.000,0.285,235024,220315,0.0,0.0,0.0,0.000,0.000,292,2,33.6,45.6,83.0,0.669,12.155,12.196,12.171,12.097,1131,17.785,6.382,7.072,1.366,15.494,11.565,3.929,0.336,7.072,10.136,1.560,5.295,220.000,240.000,255.0,101.2,555.0,221.1,600.0,3.0,18.0,0.0,0.0,24.6,1.9,7.4,0.0,0.0,0.0,33,Yes,No,No,No,No,Yes,No,7.8,9.9,143,0,0,0,0,0,0,0,0,4158,0,0,0,0,0,0,0,0,0,0,0,0,0,0,0,0,0,0,0,0,6177,2015,1850,60,2.5,189.2,3070.1,31.0,18.7,19.3,18.5,190.2,241.7,35.2,20.3,20.8,20.0,5.29,32.28,0.33,0.25,51.92,54.17,1.49,3.80,5.29,0.00,2.67,0,0,0.0,0.0,28454,1015,4.1,3.0,0,
1.7.2026,22:54:32.595,26547,3976,86.9,13371,2927,82.0,15.0,14225,2133,1.280,1.056,1.312,1.312,1.312,1.312,1.312,1.312,1.312,3593.5,3593.5,3593.5,3593.5,3593.5,3593.5,3593.5,3593.5,3593.5,99.8,309.1,1681.4,700.2,498.3,654.4,283.9,249.4,142.3,154.1,50.0,72.9,88.1,87.6,91.3,71.8,55.3,64.9,309.1,5.8,14.8,16.8,11.8,15.9,6.9,5.9,3.5,3.7,1.3,1.8,2.2,2.2,1.9,1.7,1.3,1.6,16.8,5.8,6.4,16.4,18.7,13.2,17.5,7.6,6.5,3.8,4.0,1.3,1.9,2.3,2.2,2.0,1.8,1.4,1.6,6.4,36.0,36.0,36.0,36.0,36.0,36.0,36.0,36.0,36.0,0.0,30.8,41.7,41.2,34.9,32.0,22.4,24.7,25.5,23.6,69.2,58.3,58.8,65.1,68.0,77.6,75.3,74.5,76.4,0.0,0.0,0.0,0.0,0.0,0.0,0.0,0.0,0.0,1330.9,13.33,20,19,19,43,62,467,1,58.9,54.2,53.2,52.4,53.7,53.4,52.9,52.2,51.9,51.9,51.7,51.7,51.4,51.6,51.3,47.5,43.6,1.312,1.025,1.319,3.802,9.944,3.796,26.003,24.063,1.534,2.387,2.337,1.625,1.360,1.101,1.176,1.171,1.113,4.978,10.210,15.189,24.135,1330.6,1330.6,3995.4,4010.4,3980.4,4400.0,27.4,6.3,28.9,57.0,40.3,No,No,No,0.188,0.010,2.5,43,95.0,100.0,No,No,90764,98638,30,99.0,No,No,3320,0.0,0.4,0.4,0.024,0.335,235024,220315,0.0,0.0,0.0,0.000,0.000,292,2,33.6,45.6,83.0,0.669,12.159,12.201,12.175,12.101,1131,17.432,6.411,7.195,1.318,15.657,11.653,3.997,0.336,7.195,10.124,1.254,5.381,220.000,240.000,210.0,101.2,555.0,248.2,600.0,19.0,22.0,0.0,0.0,25.0,0.4,1.7,0.0,0.0,0.0,33,Yes,No,No,No,No,Yes,No,7.9,10.1,143,0,0,0,0,0,0,0,0,4158,0,0,0,0,0,0,0,0,0,0,0,0,0,0,0,0,0,0,0,0,6147,2045,1880,61,2.5,245.3,666.9,165.3,160.1,159.5,159.5,75.0,266.6,57.6,57.4,57.4,57.4,4.07,6.54,0.82,0.53,6.67,6.67,1.07,0.01,3.83,0.24,1.63,0,0,0.0,0.0,28454,1015,1.4,4.9,0,
1.7.2026,22:54:34.579,26559,3964,87.0,13382,2916,82.1,15.0,14225,2133,1.322,1.312,1.325,1.325,1.325,1.325,1.325,1.319,1.319,4117.6,4117.6,4117.6,4117.6,4117.6,4117.6,4117.6,4117.6,4117.6,99.8,480.5,2173.4,1110.1,808.5,816.3,508.2,479.7,311.0,272.6,96.8,100.3,223.4,189.6,170.7,137.3,135.9,154.9,480.5,9.6,23.5,26.4,19.2,19.5,12.1,11.3,7.4,6.4,2.3,2.4,5.3,4.5,3.8,3.2,3.2,3.6,26.4,9.6,10.9,26.6,29.9,21.7,21.9,13.7,12.7,8.4,7.2,2.6,2.7,6.0,5.0,4.2,3.6,3.6,4.0,10.9,41.2,41.2,41.2,41.2,41.2,41.2,41.2,41.2,41.2,0.0,38.5,53.3,50.8,44.8,40.2,25.9,31.2,31.3,30.5,61.5,46.7,49.2,55.2,59.8,74.1,68.8,68.7,69.5,0.0,0.0,0.0,0.0,0.0,0.0,0.0,0.0,0.0,1330.9,13.33,20,19,19,43,62,467,1,69.0,56.4,59.0,53.4,55.7,54.7,54.3,53.1,52.3,52.7,52.2,52.3,51.6,51.8,51.5,45.8,42.9,1.337,1.025,1.325,5.723,10.081,5.724,33.265,26.791,1.988,3.372,2.982,2.217,1.757,1.265,1.522,1.408,1.382,7.555,10.358,17.913,26.899,1330.6,1330.6,4037.7,4050.0,4025.3,4400.0,30.6,9.5,37.0,59.4,47.3,No,No,No,0.382,0.024,3.1,43,95.0,100.0,No,No,90764,98638,30,99.0,No,No,3320,0.3,0.2,0.5,0.206,0.768,235025,220317,0.0,0.0,0.0,0.000,0.000,292,2,33.6,45.5,83.0,0.669,12.150,12.190,12.167,12.092,1130,17.174,6.468,7.342,1.195,15.830,11.741,4.079,0.336,7.342,10.024,1.251,5.543,220.000,240.000,210.0,101.2,555.0,210.0,600.0,10.0,21.0,0.0,0.0,25.0,0.5,1.9,0.0,0.0,0.0,33,Yes,No,No,No,No,Yes,No,7.9,10.4,143,0,0,0,0,0,0,0,0,4158,0,0,0,0,0,0,0,0,0,0,0,0,0,0,0,0,0,0,0,0,6147,2045,1880,61,2.5,54.8,3443.5,3.8,3.5,3.5,3.5,54.9,240.9,3.8,3.6,3.6,3.6,18.24,266.00,0.29,0.29,283.88,283.88,1.33,16.87,18.24,0.00,30.50,0,0,0.0,0.0,28454,1015,0.1,0.0,0,
1.7.2026,22:54:36.594,26546,3977,86.9,13384,2914,82.1,15.0,14225,2133,1.280,1.056,1.312,1.312,1.312,1.312,1.312,1.312,1.312,4014.6,4117.6,4117.6,4117.6,4117.6,3294.1,4117.6,4117.6,4117.6,99.8,349.7,1794.4,557.5,731.5,556.3,365.8,264.9,186.6,137.1,56.6,110.0,188.1,92.5,113.4,56.4,295.6,87.8,349.7,6.6,18.7,13.0,17.4,13.2,8.5,5.9,4.2,2.9,1.1,2.4,4.3,1.9,2.2,1.0,6.8,1.8,18.7,6.6,7.7,21.3,14.9,19.9,14.9,9.9,6.9,5.0,3.5,1.5,3.0,5.1,2.4,2.7,1.4,8.0,2.3,7.7,40.2,41.2,41.2,41.2,41.2,33.0,41.2,41.2,41.2,0.0,32.1,44.3,44.5,35.3,31.0,22.8,26.8,25.3,26.9,67.9,55.7,55.5,64.7,69.0,77.2,73.2,74.7,73.1,0.0,0.0,0.0,0.0,0.0,0.0,0.0,0.0,0.0,1330.9,13.33,20,19,19,43,62,467,1,65.9,55.8,56.8,53.0,54.5,54.4,53.5,52.7,52.1,52.4,52.0,52.4,51.7,51.8,51.6,47.2,43.4,1.319,1.025,1.319,4.567,9.961,4.568,27.462,25.216,1.697,2.605,2.688,1.790,1.432,1.147,1.310,1.210,1.397,6.015,10.230,16.246,25.211,1330.6,1330.6,4014.0,4027.5,4000.5,4400.0,28.6,7.6,30.5,58.8,44.1,No,No,No,0.253,0.015,2.6,43,95.0,100.0,No,No,90764,98638,30,99.0,No,No,3320,0.0,0.3,0.3,0.065,1.727,235025,220320,0.0,0.0,0.0,0.000,0.000,292,2,33.6,45.6,83.0,0.669,12.161,12.202,12.177,12.104,1131,17.204,6.334,7.017,1.257,15.514,11.608,3.898,0.336,7.017,10.099,1.255,5.335,220.000,240.000,210.0,101.2,555.0,210.0,600.0,0.0,20.0,0.0,0.0,25.0,0.3,1.1,0.0,0.0,0.0,33,Yes,No,No,No,No,Yes,No,7.8,10.3,143,0,0,0,0,0,0,0,0,4158,0,0,0,0,0,0,0,0,0,0,0,0,0,0,0,0,0,0,0,0,6147,2045,1880,61,2.5,40.6,2740.6,3.1,2.7,2.6,2.6,40.6,240.6,3.1,2.7,2.7,2.7,24.62,322.28,0.36,0.33,379.06,379.06,1.62,23.00,24.62,0.00,41.96,0,0,0.0,0.0,28454,1015,0.5,0.3,0,
1.7.2026,22:54:38.579,26544,3979,86.9,13376,2922,82.0,15.0,14225,2133,1.313,1.319,1.312,1.312,1.312,1.312,1.312,1.312,1.312,4117.6,4117.6,4117.6,4117.6,4117.6,4117.6,4117.6,4117.6,4117.6,99.8,331.5,1819.7,724.8,596.1,626.0,292.2,301.3,224.6,169.0,35.0,34.7,110.8,72.0,92.3,43.7,74.2,87.4,331.5,6.8,22.1,17.4,14.3,15.2,7.2,7.3,5.7,4.3,1.2,1.2,3.0,2.1,2.3,1.4,2.1,2.3,22.1,6.8,7.2,24.7,19.2,15.8,16.6,7.7,7.8,6.0,4.4,0.9,0.9,2.9,1.8,2.1,1.1,1.9,2.1,7.2,41.2,41.2,41.2,41.2,41.2,41.2,41.2,41.2,41.2,0.0,31.9,44.8,41.7,35.8,33.9,21.4,25.0,25.9,26.9,68.1,55.2,58.3,64.2,66.1,78.6,75.0,74.1,73.1,0.0,0.0,0.0,0.0,0.0,0.0,0.0,0.0,0.0,1330.9,13.33,20,19,19,43,62,467,1,63.0,54.5,58.5,52.3,53.9,53.4,52.8,52.2,51.6,51.7,51.4,51.6,51.2,51.3,51.1,47.2,43.2,1.319,1.025,1.325,4.146,10.009,4.144,27.133,24.601,1.587,2.575,2.394,1.689,1.444,1.059,1.188,1.153,1.193,5.456,10.279,15.735,24.687,1330.6,1330.6,4007.1,4022.8,3991.3,4400.0,28.1,6.9,30.1,57.3,42.7,No,No,No,0.197,0.010,2.6,43,95.0,100.0,No,No,90764,98638,30,99.0,No,No,3320,0.0,0.6,0.6,0.097,1.046,235025,220322,0.0,0.0,0.0,0.000,0.000,292,2,33.5,45.6,83.0,0.669,12.158,12.200,12.175,12.101,1129,17.191,6.404,7.193,1.318,15.657,11.653,3.996,0.336,7.193,10.135,1.252,5.308,220.000,240.000,210.0,101.2,555.0,210.0,600.0,0.0,19.0,0.0,0.0,25.0,0.2,0.6,0.0,0.0,0.0,33,Yes,No,No,No,No,Yes,No,7.9,9.9,143,0,0,0,0,0,0,0,0,4158,0,0,0,0,0,0,0,0,0,0,0,0,0,0,0,0,0,0,0,0,6147,2045,1880,61,2.5,91.8,3158.5,14.8,13.5,13.4,13.4,93.5,240.7,15.7,14.2,14.1,14.1,10.89,67.53,0.32,0.31,74.85,74.85,1.22,7.39,10.89,0.00,12.53,0,0,0.0,0.0,28454,1015,0.7,0.3,0,
1.7.2026,22:54:40.601,26538,3984,86.9,13377,2921,82.0,15.0,14225,2133,1.089,1.319,1.056,1.056,1.056,1.056,1.056,1.056,1.056,3659.0,4117.6,3593.5,3593.5,3593.5,3593.5,3593.5,3593.5,3593.5,99.8,219.2,1369.4,436.0,388.3,548.1,150.5,132.5,79.9,84.5,26.3,21.9,46.0,40.6,68.7,32.9,36.4,45.0,219.2,3.7,13.7,10.0,8.9,12.9,3.3,2.7,1.6,1.7,0.3,0.2,0.8,0.6,1.0,0.4,0.5,0.7,13.7,3.7,4.5,15.6,11.6,10.3,14.7,4.0,3.3,2.1,2.2,0.7,0.6,1.2,1.0,1.5,0.8,0.9,1.1,4.5,36.7,41.2,36.0,36.0,36.0,36.0,36.0,36.0,36.0,0.0,24.0,34.2,33.3,25.3,23.9,17.2,18.9,20.0,19.4,76.0,65.8,66.7,74.7,76.1,82.8,81.1,80.0,80.6,0.0,0.0,0.0,0.0,0.0,0.0,0.0,0.0,0.0,1330.9,13.33,20,19,19,43,62,467,1,60.0,53.6,51.8,51.8,52.8,52.7,52.0,51.6,51.3,51.3,51.1,51.2,51.0,51.1,50.9,46.2,43.6,1.288,1.025,1.288,3.157,9.897,3.165,20.234,23.240,1.295,1.935,1.979,1.264,1.142,0.971,1.017,1.034,1.014,4.125,10.159,14.284,23.234,1330.6,1330.6,3982.9,4004.5,3961.3,4400.0,26.4,5.3,22.5,56.4,39.5,No,No,No,0.119,0.004,1.9,43,95.0,100.0,No,No,90764,98638,30,99.0,No,No,3320,0.0,0.5,0.5,0.000,0.120,235025,220322,0.0,0.0,0.0,0.000,0.000,292,2,33.6,45.4,83.0,0.669,12.158,12.199,12.174,12.101,1130,17.131,6.308,7.049,1.098,15.522,11.605,3.916,0.336,7.049,9.920,1.251,5.338,220.000,240.000,210.0,101.2,555.0,210.0,600.0,0.0,19.0,0.0,0.0,25.0,0.1,0.3,0.0,0.0,0.0,33,Yes,No,No,No,No,Yes,No,7.7,10.0,143,0,0,0,0,0,0,0,0,4158,0,0,0,0,0,0,0,0,0,0,0,0,0,0,0,0,0,0,0,0,6147,2045,1880,61,2.5,12.5,2967.6,2.0,1.9,1.9,1.9,12.6,239.9,2.0,1.9,1.9,1.9,79.79,494.00,0.34,0.34,525.53,525.53,1.80,77.94,79.79,0.00,144.82,0,0,0.0,0.0,28454,1015,0.1,0.0,0,
1.7.2026,22:54:42.591,26543,3980,86.9,13377,2921,82.0,15.0,14225,2133,1.088,1.312,1.056,1.056,1.056,1.056,1.056,1.056,1.056,3743.3,3593.5,4117.6,4117.6,4117.6,3294.1,3294.1,4117.6,3294.1,99.8,158.3,1010.9,237.0,249.8,411.5,76.8,78.3,80.4,43.3,22.9,29.2,35.0,27.9,73.4,41.2,62.7,52.6,158.3,2.7,8.3,6.1,6.5,10.6,1.7,1.6,1.7,0.8,0.3,0.5,0.6,0.4,1.2,0.7,1.2,1.0,10.6,2.7,3.0,8.5,6.2,6.7,11.0,2.0,1.9,2.2,1.1,0.6,0.8,0.9,0.7,1.6,1.1,1.6,1.4,3.0,37.5,36.0,41.2,41.2,41.2,33.0,33.0,41.2,33.0,0.0,20.3,25.5,27.2,20.6,20.2,16.1,16.7,18.5,17.6,79.7,74.5,72.8,79.4,79.8,83.9,83.3,81.5,82.4,0.0,0.0,0.0,0.0,0.0,0.0,0.0,0.0,0.0,1330.9,13.33,20,19,19,43,62,467,1,57.1,52.4,55.2,51.1,51.4,51.9,51.2,51.0,50.9,51.0,50.6,50.9,50.5,50.6,50.4,46.0,43.6,1.306,1.031,1.300,2.592,9.819,2.589,16.967,22.320,1.145,1.408,1.728,1.086,1.030,0.941,0.952,1.003,1.010,3.372,10.078,13.449,22.373,1330.6,1330.6,3968.9,3992.3,3945.6,4400.0,25.4,4.3,18.9,55.1,36.6,No,No,No,0.087,0.003,1.6,43,95.0,100.0,No,No,90764,98638,30,99.0,No,No,3320,0.0,0.3,0.3,0.000,0.022,235025,220322,0.0,0.0,0.0,0.000,0.000,292,2,33.6,45.6,83.0,0.669,12.157,12.198,12.174,12.099,1131,17.049,6.314,6.876,1.256,15.473,11.651,3.820,0.336,6.876,10.198,1.340,5.316,220.000,240.000,210.0,101.2,555.0,210.0,600.0,0.0,19.0,0.0,0.0,25.0,0.0,0.2,0.0,0.0,0.0,33,Yes,No,No,No,No,Yes,No,7.8,9.9,143,0,0,0,0,0,0,0,0,4158,0,0,0,0,0,0,0,0,0,0,0,0,0,0,0,0,0,0,0,0,6147,2045,1880,61,2.5,4.5,2848.7,0.6,0.5,0.5,0.5,4.5,239.7,0.6,0.5,0.5,0.5,224.25,1758.79,0.35,0.35,1905.57,1905.57,1.50,222.40,224.25,0.00,435.45,0,0,0.0,0.0,28454,1015,0.7,5.5,0,
1.7.2026,22:54:44.614,26538,3985,86.9,13376,2922,82.0,15.0,14225,2133,1.280,1.056,1.312,1.312,1.312,1.312,1.312,1.312,1.312,3911.7,3294.1,4117.6,4117.6,4117.6,3294.1,4117.6,4117.6,4117.6,99.8,172.3,1110.4,306.3,332.2,404.4,81.9,102.3,51.3,51.0,27.7,23.8,31.4,38.4,61.8,33.7,36.9,63.2,172.3,3.1,8.5,6.8,7.5,9.6,2.3,2.7,1.5,1.5,1.0,0.9,1.1,1.2,1.5,1.1,1.1,1.8,9.6,3.1,3.3,9.8,8.1,8.9,10.8,2.2,2.6,1.3,1.3,0.7,0.6,0.8,1.0,1.3,0.8,0.9,1.7,3.3,39.2,33.0,41.2,41.2,41.2,33.0,41.2,41.2,41.2,0.0,20.9,28.0,29.0,21.1,19.8,16.2,17.1,18.0,17.7,79.1,72.0,71.0,78.9,80.2,83.8,82.9,82.0,82.3,0.0,0.0,0.0,0.0,0.0,0.0,0.0,0.0,0.0,1330.9,13.33,20,19,19,43,62,467,1,54.9,52.7,54.2,51.1,51.8,52.1,51.2,50.9,50.8,50.8,50.5,50.7,50.5,50.5,50.4,45.5,43.0,1.319,1.025,1.319,2.651,9.834,2.648,17.456,22.410,1.174,1.611,1.796,1.108,1.017,0.940,0.957,0.980,0.980,3.448,10.094,13.542,22.466,1330.6,1330.6,3971.0,3997.3,3944.7,4400.0,25.5,4.4,19.4,55.5,36.5,No,No,No,0.097,0.004,1.7,43,95.0,100.0,No,No,90764,98638,30,99.0,No,No,3320,0.0,0.4,0.5,0.146,0.442,235025,220323,0.0,0.0,0.0,0.000,0.000,292,2,33.5,45.6,83.0,0.669,12.158,12.199,12.174,12.100,1130,17.014,6.295,6.959,1.232,15.425,11.556,3.866,0.336,6.959,10.045,1.254,5.322,220.000,240.000,210.0,101.2,555.0,210.0,600.0,0.0,18.0,0.0,0.0,25.0,0.0,0.2,0.0,0.0,0.0,33,Yes,No,No,No,No,Yes,No,7.8,9.9,143,0,0,0,0,0,0,0,0,4158,0,0,0,0,0,0,0,0,0,0,0,0,0,0,0,0,0,0,0,0,6147,2045,1880,61,2.5,4.0,2757.5,0.6,0.5,0.5,0.5,4.0,239.7,0.6,0.5,0.5,0.5,248.66,1750.35,0.36,0.36,1876.46,1876.46,1.60,246.70,248.66,0.00,483.03,0,0,0.0,0.0,28454,1015,0.3,0.0,0,
1.7.2026,22:54:46.633,26536,3986,86.9,13374,2924,82.0,15.0,14225,2133,1.286,1.056,1.319,1.319,1.319,1.319,1.319,1.319,1.319,3537.4,3593.5,4117.6,3294.1,3294.1,3294.1,3294.1,3294.1,4117.6,99.8,240.9,1366.3,422.5,362.9,512.3,151.0,119.4,62.3,76.2,25.8,29.0,41.0,39.6,62.0,36.4,443.8,104.2,240.9,4.5,13.6,10.5,8.3,13.0,3.4,2.5,1.2,1.5,0.4,0.4,0.7,0.7,1.7,0.6,11.2,2.9,13.6,4.5,5.0,14.6,11.3,9.6,13.7,4.0,3.0,1.6,1.9,0.7,0.7,1.1,1.0,1.3,0.9,12.2,2.7,5.0,35.4,36.0,41.2,33.0,33.0,33.0,33.0,33.0,41.2,0.0,25.1,34.1,33.0,25.0,23.5,18.1,19.1,20.9,27.4,74.9,65.9,67.0,75.0,76.5,81.9,80.9,79.1,72.6,0.0,0.0,0.0,0.0,0.0,0.0,0.0,0.0,0.0,1330.9,13.33,20,19,19,43,62,467,1,62.5,53.6,55.2,51.5,52.2,52.2,51.5,51.1,51.0,51.2,50.7,51.8,50.6,50.7,50.6,44.8,42.9,1.294,1.025,1.294,3.268,9.931,3.271,21.260,23.354,1.335,1.853,1.935,1.247,1.109,0.989,1.027,1.051,1.466,4.280,10.195,14.475,23.416,1330.6,1330.6,3992.1,4014.6,3969.5,4400.0,26.6,5.5,23.6,56.4,39.8,No,No,No,0.141,0.004,2.0,43,95.0,100.0,No,No,90764,98638,30,99.0,No,No,3320,0.1,0.3,0.3,0.008,0.273,235025,220324,0.0,0.0,0.0,0.000,0.000,292,2,33.5,45.4,83.0,0.669,12.154,12.194,12.171,12.097,1129,17.098,6.300,7.081,1.122,15.481,11.540,3.934,0.336,7.081,9.863,1.254,5.311,220.000,240.000,210.0,101.2,555.0,210.0,600.0,0.0,19.0,0.0,0.0,25.0,0.1,0.3,0.0,0.0,0.0,33,Yes,No,No,No,No,Yes,No,7.7,10.1,143,0,0,0,0,0,0,0,0,4158,0,0,0,0,0,0,0,0,0,0,0,0,0,0,0,0,0,0,0,0,6147,2045,1880,61,2.5,4.9,3061.7,0.6,0.5,0.5,0.5,5.0,240.8,0.6,0.5,0.5,0.5,202.24,1743.43,0.33,0.33,1909.68,1909.68,1.62,200.52,202.24,0.00,393.45,0,0,0.0,0.0,28454,1015,0.9,4.1,0,
1.7.2026,22:54:48.624,26532,3991,86.9,13373,2925,82.0,15.0,14225,2133,1.086,1.294,1.056,1.056,1.056,1.056,1.056,1.056,1.056,3593.5,3593.5,3593.5,3593.5,3593.5,3593.5,3593.5,3593.5,3593.5,99.8,158.5,1041.6,229.5,247.2,413.3,74.6,77.6,52.7,52.4,41.4,23.1,31.9,36.9,56.0,35.5,46.2,76.6,158.5,3.0,8.8,5.1,6.4,10.1,2.3,2.3,1.8,1.7,1.5,1.1,1.3,1.4,0.8,1.3,0.8,1.6,10.1,3.0,3.0,9.8,5.9,6.5,11.0,2.0,1.9,1.4,1.3,1.1,0.6,0.8,0.9,1.2,0.9,1.2,2.0,3.0,36.0,36.0,36.0,36.0,36.0,36.0,36.0,36.0,36.0,0.0,20.1,26.3,27.0,20.2,19.6,16.0,16.5,17.5,17.5,79.9,73.7,73.0,79.8,80.4,84.0,83.5,82.5,82.5,0.0,0.0,0.0,0.0,0.0,0.0,0.0,0.0,0.0,1330.9,13.33,20,19,19,43,62,467,1,59.5,52.1,51.5,50.9,51.3,51.6,51.0,50.7,50.7,50.7,50.4,50.6,50.4,50.5,50.3,47.0,43.1,1.281,1.031,1.281,2.387,9.843,2.386,16.528,22.073,1.115,1.469,1.652,1.047,0.989,0.918,0.924,0.947,0.973,3.094,10.101,13.196,22.122,1330.6,1330.6,3943.3,3968.2,3918.4,4400.0,25.1,4.0,18.4,54.9,34.4,No,No,No,0.090,0.003,1.6,43,95.0,100.0,No,No,90764,98638,30,99.0,No,No,3320,0.0,0.3,0.3,0.000,0.057,235025,220324,0.0,0.0,0.0,0.000,0.000,292,2,33.5,45.6,83.0,0.669,12.153,12.192,12.170,12.096,1129,17.214,6.449,7.225,1.305,15.736,11.709,4.014,0.336,7.225,10.156,1.253,5.530,220.000,240.000,210.0,101.2,555.0,210.0,600.0,0.0,19.0,0.0,0.0,25.0,0.1,0.4,0.0,0.0,0.0,33,Yes,No,No,No,No,Yes,No,7.9,10.4,143,0,0,0,0,0,0,0,0,4158,0,0,0,0,0,0,0,0,0,0,0,0,0,0,0,0,0,0,0,0,6147,2045,1880,61,2.5,4.5,3060.2,0.6,0.5,0.5,0.5,4.5,242.2,0.6,0.5,0.5,0.5,224.72,1762.23,0.33,0.32,1909.68,1909.68,1.48,223.14,224.72,0.00,437.50,0,0,0.0,0.0,28454,1015,0.1,0.1,0,
1.7.2026,22:54:50.633,26536,3987,86.9,13391,2907,82.1,15.0,14225,2133,1.302,1.312,1.300,1.300,1.300,1.300,1.300,1.300,1.300,3481.2,3593.5,3294.1,3294.1,3294.1,3593.5,3593.5,3593.5,3593.5,99.8,345.3,1518.7,476.9,754.2,619.0,330.8,268.3,233.2,199.2,131.6,104.1,156.8,173.9,163.6,129.0,125.8,139.0,345.3,6.8,17.0,11.5,18.2,15.2,7.4,6.4,5.0,4.1,2.6,1.8,3.1,3.6,3.8,2.4,3.1,3.5,18.2,6.8,7.9,18.8,12.8,20.6,16.7,9.0,7.1,6.3,5.3,3.6,2.8,4.2,4.7,4.1,3.4,3.4,3.7,7.9,34.9,36.0,33.0,33.0,33.0,36.0,36.0,36.0,36.0,0.0,28.6,37.8,41.2,30.3,28.4,20.9,23.2,24.3,22.5,71.4,62.2,58.8,69.7,71.6,79.1,76.8,75.7,77.5,0.0,0.0,0.0,0.0,0.0,0.0,0.0,0.0,0.0,1330.9,13.33,20,19,19,43,62,467,1,67.5,54.2,53.0,52.0,52.8,53.5,52.4,52.0,51.4,51.6,51.2,51.4,50.8,50.9,50.6,46.5,43.2,1.306,1.025,1.306,4.171,9.954,4.171,23.887,24.623,1.586,2.144,2.658,1.614,1.426,1.154,1.253,1.228,1.210,5.485,10.221,15.706,24.662,1330.6,1330.6,3970.2,3995.7,3944.7,4399.9,28.0,7.0,26.5,57.1,43.0,No,No,No,0.268,0.007,2.3,43,95.0,100.0,No,No,90764,98638,30,99.0,No,No,3320,0.0,0.2,0.2,0.065,0.535,235026,220325,0.0,0.0,0.0,0.000,0.000,292,2,33.5,45.5,83.0,0.669,12.152,12.191,12.169,12.095,1130,17.366,6.446,7.396,1.292,15.698,11.587,4.109,0.336,7.396,9.938,1.252,5.457,220.000,240.000,210.0,101.2,555.0,210.0,600.0,0.0,18.0,0.0,0.0,25.0,0.1,0.2,0.0,0.0,0.0,33,Yes,No,No,No,No,Yes,No,7.9,10.1,143,0,0,0,0,0,0,0,0,4158,0,0,0,0,0,0,0,0,0,0,0,0,0,0,0,0,0,0,0,0,6147,2045,1880,61,2.5,30.4,2586.7,6.9,6.7,6.6,6.6,30.9,240.5,7.1,6.9,6.9,6.9,32.91,145.22,0.39,0.39,150.83,150.83,1.41,31.43,32.91,0.00,51.66,0,0,0.0,0.0,28454,1015,0.5,0.0,0,
1.7.2026,22:54:52.625,26565,3958,87.0,13377,2921,82.0,15.0,14225,2133,1.316,1.306,1.312,1.312,1.319,1.319,1.319,1.319,1.319,4014.6,4117.6,4117.6,4117.6,4117.6,4117.6,3294.1,4117.6,4117.6,99.8,322.8,1777.9,639.5,533.7,883.5,267.5,245.8,156.0,164.2,38.3,37.2,73.1,77.7,75.0,49.4,56.8,89.8,322.8,6.6,21.8,15.1,12.5,21.4,7.1,5.7,4.5,4.6,1.0,0.9,1.8,2.6,1.6,1.2,1.3,2.0,21.8,6.6,7.1,24.4,16.9,14.0,23.8,7.1,6.3,4.1,4.3,1.0,1.0,1.9,2.0,1.7,1.2,1.4,2.2,7.1,40.2,41.2,41.2,41.2,41.2,41.2,33.0,41.2,41.2,0.0,31.2,44.0,43.3,34.3,32.2,20.8,23.7,24.7,26.4,68.8,56.0,56.7,65.7,67.8,79.2,76.3,75.3,73.6,0.0,0.0,0.0,0.0,0.0,0.0,0.0,0.0,0.0,1330.9,13.33,20,19,19,43,62,467,1,64.4,53.9,56.5,51.8,53.2,53.0,52.2,51.6,51.1,51.2,50.9,51.1,50.8,50.9,50.6,47.0,42.9,1.325,1.031,1.325,3.786,10.029,3.783,26.270,24.116,1.508,2.445,2.334,1.547,1.341,1.033,1.122,1.101,1.137,4.948,10.297,15.245,24.190,1330.6,1330.6,3985.0,4010.1,3959.8,4400.0,27.5,6.3,29.2,56.7,40.8,No,No,No,0.185,0.009,2.5,43,95.0,100.0,No,No,90764,98638,30,99.0,No,No,3320,0.1,1.0,1.1,0.097,4.294,235026,220333,0.0,0.0,0.0,0.000,0.000,292,2,33.6,45.6,83.0,0.669,12.157,12.197,12.174,12.099,1129,17.506,6.551,7.512,1.427,15.826,11.640,4.173,0.336,7.512,10.087,1.578,5.424,220.000,240.000,210.0,101.2,555.0,210.0,600.0,24.0,23.0,0.0,0.0,25.3,0.3,1.1,0.0,0.0,0.0,33,Yes,No,No,No,No,Yes,No,8.0,10.3,143,0,0,0,0,0,0,0,0,4158,0,0,0,0,0,0,0,0,0,0,0,0,0,0,0,0,0,0,0,0,6117,2075,1909,62,2.5,11.7,11.7,11.7,11.7,11.7,11.7,12.0,12.0,12.0,12.0,12.0,12.0,85.19,85.19,85.19,85.19,85.19,85.19,1.80,0.01,85.10,0.10,0.00,0,0,0.0,0.0,28454,1015,0.2,0.2,0,
Date,Time,"Virtual Memory Committed [MB]","Virtual Memory Available [MB]","Virtual Memory Load [%]","Physical Memory Used [MB]","Physical Memory Available [MB]","Physical Memory Load [%]","Page File Usage [%]","Page File Total [MB]","Page File Used [MB]","Core VIDs (avg) [V]","Core 0 VID [V]","Core 1 VID [V]","Core 2 VID [V]","Core 3 VID [V]","Core 4 VID [V]","Core 5 VID [V]","Core 6 VID [V]","Core 7 VID [V]","Core Clocks (avg) [MHz]","Core 0 Clock (perf #1/4) [MHz]","Core 1 Clock (perf #1/3) [MHz]","Core 2 Clock (perf #2/6) [MHz]","Core 3 Clock (perf #3/5) [MHz]","Core 4 Clock (perf #6/8) [MHz]","Core 5 Clock (perf #4/2) [MHz]","Core 6 Clock (perf #5/1) [MHz]","Core 7 Clock (perf #7/7) [MHz]","Bus Clock [MHz]","Core Effective Clocks (avg) [MHz]","Core 0 T0 Effective Clock [MHz]","Core 0 T1 Effective Clock [MHz]","Core 1 T0 Effective Clock [MHz]","Core 1 T1 Effective Clock [MHz]","Core 2 T0 Effective Clock [MHz]","Core 2 T1 Effective Clock [MHz]","Core 3 T0 Effective Clock [MHz]","Core 3 T1 Effective Clock [MHz]","Core 4 T0 Effective Clock [MHz]","Core 4 T1 Effective Clock [MHz]","Core 5 T0 Effective Clock [MHz]","Core 5 T1 Effective Clock [MHz]","Core 6 T0 Effective Clock [MHz]","Core 6 T1 Effective Clock [MHz]","Core 7 T0 Effective Clock [MHz]","Core 7 T1 Effective Clock [MHz]","Average Effective Clock [MHz]","Core Usage (avg) [%]","Core 0 T0 Usage [%]","Core 0 T1 Usage [%]","Core 1 T0 Usage [%]","Core 1 T1 Usage [%]","Core 2 T0 Usage [%]","Core 2 T1 Usage [%]","Core 3 T0 Usage [%]","Core 3 T1 Usage [%]","Core 4 T0 Usage [%]","Core 4 T1 Usage [%]","Core 5 T0 Usage [%]","Core 5 T1 Usage [%]","Core 6 T0 Usage [%]","Core 6 T1 Usage [%]","Core 7 T0 Usage [%]","Core 7 T1 Usage [%]","Max CPU/Thread Usage [%]","Total CPU Usage [%]","Core Utility (avg) [%]","Core 0 T0 Utility [%]","Core 0 T1 Utility [%]","Core 1 T0 Utility [%]","Core 1 T1 Utility [%]","Core 2 T0 Utility [%]","Core 2 T1 Utility [%]","Core 3 T0 Utility [%]","Core 3 T1 Utility [%]","Core 4 T0 Utility [%]","Core 4 T1 Utility [%]","Core 5 T0 Utility [%]","Core 5 T1 Utility [%]","Core 6 T0 Utility [%]","Core 6 T1 Utility [%]","Core 7 T0 Utility [%]","Core 7 T1 Utility [%]","Total CPU Utility [%]","Core Ratios (avg) [x]","Core 0 Ratio [x]","Core 1 Ratio [x]","Core 2 Ratio [x]","Core 3 Ratio [x]","Core 4 Ratio [x]","Core 5 Ratio [x]","Core 6 Ratio [x]","Core 7 Ratio [x]","Package C6 Residency [%]","Core C0 Residency (avg) [%]","Core 0 C0 Residency [%]","Core 1 C0 Residency [%]","Core 2 C0 Residency [%]","Core 3 C0 Residency [%]","Core 4 C0 Residency [%]","Core 5 C0 Residency [%]","Core 6 C0 Residency [%]","Core 7 C0 Residency [%]","Core C1 Residency (avg) [%]","Core 0 C1 Residency [%]","Core 1 C1 Residency [%]","Core 2 C1 Residency [%]","Core 3 C1 Residency [%]","Core 4 C1 Residency [%]","Core 5 C1 Residency [%]","Core 6 C1 Residency [%]","Core 7 C1 Residency [%]","Core C6 Residency (avg) [%]","Core 0 C6 Residency [%]","Core 1 C6 Residency [%]","Core 2 C6 Residency [%]","Core 3 C6 Residency [%]","Core 4 C6 Residency [%]","Core 5 C6 Residency [%]","Core 6 C6 Residency [%]","Core 7 C6 Residency [%]","Memory Clock [MHz]","Memory Clock Ratio [x]","Tcas [T]","Trcd [T]","Trp [T]","Tras [T]","Trc [T]","Trfc [T]","Command Rate [T]","CPU (Tctl/Tdie) [°C]","CPU Die (average) [°C]","CPU CCD1 (Tdie) [°C]","Core Temperatures (avg) [°C]","Core0 (CCD1) [°C]","Core1 (CCD1) [°C]","Core2 (CCD1) [°C]","Core3 (CCD1) [°C]","Core4 (CCD1) [°C]","Core5 (CCD1) [°C]","Core6 (CCD1) [°C]","Core7 (CCD1) [°C]","L3 Temperatures (avg) [°C]","L3 Cache (CCD1:CCX1) [°C]","L3 Cache (CCD1:CCX2) [°C]","CPU IOD Hotspot [°C]","CPU IOD Average [°C]","CPU Core Voltage (SVI2 TFN) [V]","SoC Voltage (SVI2 TFN) [V]","CPU Core VID (Effective) [V]","CPU Core Current (SVI2 TFN) [A]","SoC Current (SVI2 TFN) [A]","CPU TDC [A]","CPU EDC [A]","CPU Package Power [W]","Core Powers (avg) [W]","Core 0 Power [W]","Core 1 Power [W]","Core 2 Power [W]","Core 3 Power [W]","Core 4 Power [W]","Core 5 Power [W]","Core 6 Power [W]","Core 7 Power [W]","CPU Core Power (SVI2 TFN) [W]","CPU SoC Power (SVI2 TFN) [W]","Core+SoC Power (SVI2 TFN) [W]","CPU PPT [W]","Infinity Fabric Clock (FCLK) [MHz]","Memory Controller Clock (UCLK) [MHz]","L3 Clocks (avg) [MHz]","L3 Cache (CCD1:CCX1) [MHz]","L3 Cache (CCD1:CCX2) [MHz]","Frequency Limit - Global [MHz]","CPU PPT Limit [%]","CPU TDC Limit [%]","CPU EDC Limit [%]","Thermal Limit [%]","Power Reporting Deviation (Accuracy) [%]","Thermal Throttling (HTC) [Yes/No]","Thermal Throttling (PROCHOT CPU) [Yes/No]","Thermal Throttling (PROCHOT EXT) [Yes/No]","DRAM Read Bandwidth [Gbps]","DRAM Write Bandwidth [Gbps]","Average Active Core Count []","Drive Temperature [°C]","Drive Remaining Life [%]","Drive Available Spare [%]","Drive Failure [Yes/No]","Drive Warning [Yes/No]","Total Host Writes [GB]","Total Host Reads [GB]","Drive Airflow Temperature [°C]","Drive Remaining Life [%]","Drive Failure [Yes/No]","Drive Warning [Yes/No]","Total Host Writes [GB]","Read Activity [%]","Write Activity [%]","Total Activity [%]","Read Rate [MB/s]","Write Rate [MB/s]","Read Total [MB]","Write Total [MB]","Read Activity [%]","Write Activity [%]","Total Activity [%]","Read Rate [MB/s]","Write Rate [MB/s]","Read Total [MB]","Write Total [MB]","GPU Temperature [°C]","GPU Hot Spot Temperature [°C]","GPU Thermal Limit [°C]","GPU Core Voltage [V]","GPU Rail Voltages (avg) [V]","GPU PCIe +12V Input Voltage [V]","GPU 8-pin #1 Input Voltage [V]","GPU Misc0 Input Voltage [V]","GPU Fan1 [RPM]","GPU Power [W]","GPU Rail Powers (avg) [W]","GPU Core (NVVDD) Input Power (sum) [W]","GPU PCIe +12V Input Power [W]","GPU 8-pin #1 Input Power [W]","GPU Misc0 Input Power [W]","GPU Core (NVVDD1) Input Power (sum) [W]","GPU PCIe +3.3V Input Power (est) [W]","GPU Core (NVVDD) Input Power (sum) [W]","GPU Input PP Source Power (sum) [W]","GPU Core (NVVDD) Output Power [W]","GPU Core (NVVDD) Output Power [W]","GPU Power Limit (rated) [W]","GPU Power Limit (max) [W]","GPU Clock [MHz]","GPU Memory Clock [MHz]","GPU Video Clock [MHz]","GPU Effective Clock [MHz]","GPU Crossbar Clock [MHz]","GPU Core Load [%]","GPU Memory Controller Load [%]","GPU Video Engine Load [%]","GPU Bus Load [%]","GPU Memory Usage [%]","GPU D3D Usages (avg) [%]","GPU D3D Usage [%]","GPU Video Decode 0 Usage [%]","GPU Video Encode 0 Usage [%]","GPU VR Usage [%]","GPU Fan1 [%]","GPU Performance Limiters (avg) [Yes/No]","Performance Limit - Power [Yes/No]","Performance Limit - Thermal [Yes/No]","Performance Limit - Reliability Voltage [Yes/No]","Performance Limit - Max Operating Voltage [Yes/No]","Performance Limit - Utilization [Yes/No]","Performance Limit - SLI GPUBoost Sync [Yes/No]","Total GPU Power [% of TDP] [%]","Total GPU Power (normalized) [% of TDP] [%]","PCI Express Error Counters (avg) []","Receiver Errors []","Replay Count []","Replay Rollover Count []","Bad DLLP Count []","Bad TLP Count []","LCRC Error Count []","NAKs Sent Count []","NAKs Received Count []","Recovery Count []","Correctable Error Count []","Non-Fatal Error Count []","Fatal Error Count []","Unsupported Request Count []","PCIe Lane 0 Errors []","PCIe Lane 1 Errors []","PCIe Lane 2 Errors []","PCIe Lane 3 Errors []","PCIe Lane 4 Errors []","PCIe Lane 5 Errors []","PCIe Lane 6 Errors []","PCIe Lane 7 Errors []","PCIe Lane 8 Errors []","PCIe Lane 9 Errors []","PCIe Lane 10 Errors []","PCIe Lane 11 Errors []","PCIe Lane 12 Errors []","PCIe Lane 13 Errors []","PCIe Lane 14 Errors []","PCIe Lane 15 Errors []","GPU Memory Available [MB]","GPU Memory Allocated [MB]","GPU D3D Memory Dedicated [MB]","GPU D3D Memory Dynamic [MB]","PCIe Link Speed [GT/s]","Framerate Presented (avg) [FPS]","Framerate Presented (99%) [FPS]","Framerate Presented (1%) [FPS]","Framerate Presented (0.1%) [FPS]","Framerate Presented (1% low) [FPS]","Framerate Presented (0.1% low) [FPS]","Framerate Displayed (avg) [FPS]","Framerate Displayed (99%) [FPS]","Framerate Displayed (1%) [FPS]","Framerate Displayed (0.1%) [FPS]","Framerate Displayed (1% low) [FPS]","Framerate Displayed (0.1% low) [FPS]","Frame Time Presented (avg) [ms]","Frame Time Presented (99%) [ms]","Frame Time Presented (1%) [ms]","Frame Time Presented (0.1%) [ms]","Frame Time Displayed (1% high) [ms]","Frame Time Displayed (0.1% high) [ms]","GPU Busy (avg) [ms]","GPU Wait (avg) [ms]","CPU Busy (avg) [ms]","CPU Wait (avg) [ms]","Animation Error (avg) [ms]","Total DL [MB]","Total UP [MB]","Current DL rate [KB/s]","Current UP rate [KB/s]","Total DL [MB]","Total UP [MB]","Current DL rate [KB/s]","Current UP rate [KB/s]","Total Errors []",
,,System: HP OMEN 25L Desktop GT12-0xxx,System: HP OMEN 25L Desktop GT12-0xxx,System: HP OMEN 25L Desktop GT12-0xxx,System: HP OMEN 25L Desktop GT12-0xxx,System: HP OMEN 25L Desktop GT12-0xxx,System: HP OMEN 25L Desktop GT12-0xxx,System: HP OMEN 25L Desktop GT12-0xxx,System: HP OMEN 25L Desktop GT12-0xxx,System: HP OMEN 25L Desktop GT12-0xxx,CPU [#0]: AMD Ryzen 7 3700X,CPU [#0]: AMD Ryzen 7 3700X,CPU [#0]: AMD Ryzen 7 3700X,CPU [#0]: AMD Ryzen 7 3700X,CPU [#0]: AMD Ryzen 7 3700X,CPU [#0]: AMD Ryzen 7 3700X,CPU [#0]: AMD Ryzen 7 3700X,CPU [#0]: AMD Ryzen 7 3700X,CPU [#0]: AMD Ryzen 7 3700X,CPU [#0]: AMD Ryzen 7 3700X,CPU [#0]: AMD Ryzen 7 3700X,CPU [#0]: AMD Ryzen 7 3700X,CPU [#0]: AMD Ryzen 7 3700X,CPU [#0]: AMD Ryzen 7 3700X,CPU [#0]: AMD Ryzen 7 3700X,CPU [#0]: AMD Ryzen 7 3700X,CPU [#0]: AMD Ryzen 7 3700X,CPU [#0]: AMD Ryzen 7 3700X,CPU [#0]: AMD Ryzen 7 3700X,CPU [#0]: AMD Ryzen 7 3700X,CPU [#0]: AMD Ryzen 7 3700X,CPU [#0]: AMD Ryzen 7 3700X,CPU [#0]: AMD Ryzen 7 3700X,CPU [#0]: AMD Ryzen 7 3700X,CPU [#0]: AMD Ryzen 7 3700X,CPU [#0]: AMD Ryzen 7 3700X,CPU [#0]: AMD Ryzen 7 3700X,CPU [#0]: AMD Ryzen 7 3700X,CPU [#0]: AMD Ryzen 7 3700X,CPU [#0]: AMD Ryzen 7 3700X,CPU [#0]: AMD Ryzen 7 3700X,CPU [#0]: AMD Ryzen 7 3700X,CPU [#0]: AMD Ryzen 7 3700X,CPU [#0]: AMD Ryzen 7 3700X,CPU [#0]: AMD Ryzen 7 3700X,CPU [#0]: AMD Ryzen 7 3700X,CPU [#0]: AMD Ryzen 7 3700X,CPU [#0]: AMD Ryzen 7 3700X,CPU [#0]: AMD Ryzen 7 3700X,CPU [#0]: AMD Ryzen 7 3700X,CPU [#0]: AMD Ryzen 7 3700X,CPU [#0]: AMD Ryzen 7 3700X,CPU [#0]: AMD Ryzen 7 3700X,CPU [#0]: AMD Ryzen 7 3700X,CPU [#0]: AMD Ryzen 7 3700X,CPU [#0]: AMD Ryzen 7 3700X,CPU [#0]: AMD Ryzen 7 3700X,CPU [#0]: AMD Ryzen 7 3700X,CPU [#0]: AMD Ryzen 7 3700X,CPU [#0]: AMD Ryzen 7 3700X,CPU [#0]: AMD Ryzen 7 3700X,CPU [#0]: AMD Ryzen 7 3700X,CPU [#0]: AMD Ryzen 7 3700X,CPU [#0]: AMD Ryzen 7 3700X,CPU [#0]: AMD Ryzen 7 3700X,CPU [#0]: AMD Ryzen 7 3700X,CPU [#0]: AMD Ryzen 7 3700X,CPU [#0]: AMD Ryzen 7 3700X,CPU [#0]: AMD Ryzen 7 3700X,CPU [#0]: AMD Ryzen 7 3700X,CPU [#0]: AMD Ryzen 7 3700X,CPU [#0]: AMD Ryzen 7 3700X,CPU [#0]: AMD Ryzen 7 3700X,CPU [#0]: AMD Ryzen 7 3700X,CPU [#0]: AMD Ryzen 7 3700X,CPU [#0]: AMD Ryzen 7 3700X,CPU [#0]: AMD Ryzen 7 3700X,CPU [#0]: AMD Ryzen 7 3700X,CPU [#0]: AMD Ryzen 7 3700X,CPU [#0]: AMD Ryzen 7 3700X,CPU [#0]: AMD Ryzen 7 3700X,CPU [#0]: AMD Ryzen 7 3700X,CPU [#0]: AMD Ryzen 7 3700X,CPU [#0]: AMD Ryzen 7 3700X,CPU [#0]: AMD Ryzen 7 3700X,CPU [#0]: AMD Ryzen 7 3700X,CPU [#0]: AMD Ryzen 7 3700X,CPU [#0]: AMD Ryzen 7 3700X,CPU [#0]: AMD Ryzen 7 3700X,CPU [#0]: AMD Ryzen 7 3700X,CPU [#0]: AMD Ryzen 7 3700X,CPU [#0]: AMD Ryzen 7 3700X,CPU [#0]: AMD Ryzen 7 3700X,CPU [#0]: AMD Ryzen 7 3700X: C-State Residency,CPU [#0]: AMD Ryzen 7 3700X: C-State Residency,CPU [#0]: AMD Ryzen 7 3700X: C-State Residency,CPU [#0]: AMD Ryzen 7 3700X: C-State Residency,CPU [#0]: AMD Ryzen 7 3700X: C-State Residency,CPU [#0]: AMD Ryzen 7 3700X: C-State Residency,CPU [#0]: AMD Ryzen 7 3700X: C-State Residency,CPU [#0]: AMD Ryzen 7 3700X: C-State Residency,CPU [#0]: AMD Ryzen 7 3700X: C-State Residency,CPU [#0]: AMD Ryzen 7 3700X: C-State Residency,CPU [#0]: AMD Ryzen 7 3700X: C-State Residency,CPU [#0]: AMD Ryzen 7 3700X: C-State Residency,CPU [#0]: AMD Ryzen 7 3700X: C-State Residency,CPU [#0]: AMD Ryzen 7 3700X: C-State Residency,CPU [#0]: AMD Ryzen 7 3700X: C-State Residency,CPU [#0]: AMD Ryzen 7 3700X: C-State Residency,CPU [#0]: AMD Ryzen 7 3700X: C-State Residency,CPU [#0]: AMD Ryzen 7 3700X: C-State Residency,CPU [#0]: AMD Ryzen 7 3700X: C-State Residency,CPU [#0]: AMD Ryzen 7 3700X: C-State Residency,CPU [#0]: AMD Ryzen 7 3700X: C-State Residency,CPU [#0]: AMD Ryzen 7 3700X: C-State Residency,CPU [#0]: AMD Ryzen 7 3700X: C-State Residency,CPU [#0]: AMD Ryzen 7 3700X: C-State Residency,CPU [#0]: AMD Ryzen 7 3700X: C-State Residency,CPU [#0]: AMD Ryzen 7 3700X: C-State Residency,CPU [#0]: AMD Ryzen 7 3700X: C-State Residency,CPU [#0]: AMD Ryzen 7 3700X: C-State Residency,Memory Timings,Memory Timings,Memory Timings,Memory Timings,Memory Timings,Memory Timings,Memory Timings,Memory Timings,Memory Timings,CPU [#0]: AMD Ryzen 7 3700X: Enhanced,CPU [#0]: AMD Ryzen 7 3700X: Enhanced,CPU [#0]: AMD Ryzen 7 3700X: Enhanced,CPU [#0]: AMD Ryzen 7 3700X: Enhanced,CPU [#0]: AMD Ryzen 7 3700X: Enhanced,CPU [#0]: AMD Ryzen 7 3700X: Enhanced,CPU [#0]: AMD Ryzen 7 3700X: Enhanced,CPU [#0]: AMD Ryzen 7 3700X: Enhanced,CPU [#0]: AMD Ryzen 7 3700X: Enhanced,CPU [#0]: AMD Ryzen 7 3700X: Enhanced,CPU [#0]: AMD Ryzen 7 3700X: Enhanced,CPU [#0]: AMD Ryzen 7 3700X: Enhanced,CPU [#0]: AMD Ryzen 7 3700X: Enhanced,CPU [#0]: AMD Ryzen 7 3700X: Enhanced,CPU [#0]: AMD Ryzen 7 3700X: Enhanced,CPU [#0]: AMD Ryzen 7 3700X: Enhanced,CPU [#0]: AMD Ryzen 7 3700X: Enhanced,CPU [#0]: AMD Ryzen 7 3700X: Enhanced,CPU [#0]: AMD Ryzen 7 3700X: Enhanced,CPU [#0]: AMD Ryzen 7 3700X: Enhanced,CPU [#0]: AMD Ryzen 7 3700X: Enhanced,CPU [#0]: AMD Ryzen 7 3700X: Enhanced,CPU [#0]: AMD Ryzen 7 3700X: Enhanced,CPU [#0]: AMD Ryzen 7 3700X: Enhanced,CPU [#0]: AMD Ryzen 7 3700X: Enhanced,CPU [#0]: AMD Ryzen 7 3700X: Enhanced,CPU [#0]: AMD Ryzen 7 3700X: Enhanced,CPU [#0]: AMD Ryzen 7 3700X: Enhanced,CPU [#0]: AMD Ryzen 7 3700X: Enhanced,CPU [#0]: AMD Ryzen 7 3700X: Enhanced,CPU [#0]: AMD Ryzen 7 3700X: Enhanced,CPU [#0]: AMD Ryzen 7 3700X: Enhanced,CPU [#0]: AMD Ryzen 7 3700X: Enhanced,CPU [#0]: AMD Ryzen 7 3700X: Enhanced,CPU [#0]: AMD Ryzen 7 3700X: Enhanced,CPU [#0]: AMD Ryzen 7 3700X: Enhanced,CPU [#0]: AMD Ryzen 7 3700X: Enhanced,CPU [#0]: AMD Ryzen 7 3700X: Enhanced,CPU [#0]: AMD Ryzen 7 3700X: Enhanced,CPU [#0]: AMD Ryzen 7 3700X: Enhanced,CPU [#0]: AMD Ryzen 7 3700X: Enhanced,CPU [#0]: AMD Ryzen 7 3700X: Enhanced,CPU [#0]: AMD Ryzen 7 3700X: Enhanced,CPU [#0]: AMD Ryzen 7 3700X: Enhanced,CPU [#0]: AMD Ryzen 7 3700X: Enhanced,CPU [#0]: AMD Ryzen 7 3700X: Enhanced,CPU [#0]: AMD Ryzen 7 3700X: Enhanced,CPU [#0]: AMD Ryzen 7 3700X: Enhanced,CPU [#0]: AMD Ryzen 7 3700X: Enhanced,CPU [#0]: AMD Ryzen 7 3700X: Enhanced,CPU [#0]: AMD Ryzen 7 3700X: Enhanced,CPU [#0]: AMD Ryzen 7 3700X: Enhanced,CPU [#0]: AMD Ryzen 7 3700X: Enhanced,CPU [#0]: AMD Ryzen 7 3700X: Enhanced,CPU [#0]: AMD Ryzen 7 3700X: Enhanced,S.M.A.R.T.: WDBRPG0010BNC-WRSN (21110V802526) [C:],S.M.A.R.T.: WDBRPG0010BNC-WRSN (21110V802526) [C:],S.M.A.R.T.: WDBRPG0010BNC-WRSN (21110V802526) [C:],S.M.A.R.T.: WDBRPG0010BNC-WRSN (21110V802526) [C:],S.M.A.R.T.: WDBRPG0010BNC-WRSN (21110V802526) [C:],S.M.A.R.T.: WDBRPG0010BNC-WRSN (21110V802526) [C:],S.M.A.R.T.: WDBRPG0010BNC-WRSN (21110V802526) [C:],S.M.A.R.T.: Samsung Portable SSD T1 500GB (S25NNAAGA11564A) [D:],S.M.A.R.T.: Samsung Portable SSD T1 500GB (S25NNAAGA11564A) [D:],S.M.A.R.T.: Samsung Portable SSD T1 500GB (S25NNAAGA11564A) [D:],S.M.A.R.T.: Samsung Portable SSD T1 500GB (S25NNAAGA11564A) [D:],S.M.A.R.T.: Samsung Portable SSD T1 500GB (S25NNAAGA11564A) [D:],Drive: WDBRPG0010BNC-WRSN (21110V802526) [C:],Drive: WDBRPG0010BNC-WRSN (21110V802526) [C:],Drive: WDBRPG0010BNC-WRSN (21110V802526) [C:],Drive: WDBRPG0010BNC-WRSN (21110V802526) [C:],Drive: WDBRPG0010BNC-WRSN (21110V802526) [C:],Drive: WDBRPG0010BNC-WRSN (21110V802526) [C:],Drive: WDBRPG0010BNC-WRSN (21110V802526) [C:],Drive: Samsung Portable SSD T1 500GB (S25NNAAGA11564A) [D:],Drive: Samsung Portable SSD T1 500GB (S25NNAAGA11564A) [D:],Drive: Samsung Portable SSD T1 500GB (S25NNAAGA11564A) [D:],Drive: Samsung Portable SSD T1 500GB (S25NNAAGA11564A) [D:],Drive: Samsung Portable SSD T1 500GB (S25NNAAGA11564A) [D:],Drive: Samsung Portable SSD T1 500GB (S25NNAAGA11564A) [D:],Drive: Samsung Portable SSD T1 500GB (S25NNAAGA11564A) [D:],dGPU [#0]: NVIDIA GeForce RTX 3070: HP GeForce RTX 3070,dGPU [#0]: NVIDIA GeForce RTX 3070: HP GeForce RTX 3070,dGPU [#0]: NVIDIA GeForce RTX 3070: HP GeForce RTX 3070,dGPU [#0]: NVIDIA GeForce RTX 3070: HP GeForce RTX 3070,dGPU [#0]: NVIDIA GeForce RTX 3070: HP GeForce RTX 3070,dGPU [#0]: NVIDIA GeForce RTX 3070: HP GeForce RTX 3070,dGPU [#0]: NVIDIA GeForce RTX 3070: HP GeForce RTX 3070,dGPU [#0]: NVIDIA GeForce RTX 3070: HP GeForce RTX 3070,dGPU [#0]: NVIDIA GeForce RTX 3070: HP GeForce RTX 3070,dGPU [#0]: NVIDIA GeForce RTX 3070: HP GeForce RTX 3070,dGPU [#0]: NVIDIA GeForce RTX 3070: HP GeForce RTX 3070,dGPU [#0]: NVIDIA GeForce RTX 3070: HP GeForce RTX 3070,dGPU [#0]: NVIDIA GeForce RTX 3070: HP GeForce RTX 3070,dGPU [#0]: NVIDIA GeForce RTX 3070: HP GeForce RTX 3070,dGPU [#0]: NVIDIA GeForce RTX 3070: HP GeForce RTX 3070,dGPU [#0]: NVIDIA GeForce RTX 3070: HP GeForce RTX 3070,dGPU [#0]: NVIDIA GeForce RTX 3070: HP GeForce RTX 3070,dGPU [#0]: NVIDIA GeForce RTX 3070: HP GeForce RTX 3070,dGPU [#0]: NVIDIA GeForce RTX 3070: HP GeForce RTX 3070,dGPU [#0]: NVIDIA GeForce RTX 3070: HP GeForce RTX 3070,dGPU [#0]: NVIDIA GeForce RTX 3070: HP GeForce RTX 3070,dGPU [#0]: NVIDIA GeForce RTX 3070: HP GeForce RTX 3070,dGPU [#0]: NVIDIA GeForce RTX 3070: HP GeForce RTX 3070,dGPU [#0]: NVIDIA GeForce RTX 3070: HP GeForce RTX 3070,dGPU [#0]: NVIDIA GeForce RTX 3070: HP GeForce RTX 3070,dGPU [#0]: NVIDIA GeForce RTX 3070: HP GeForce RTX 3070,dGPU [#0]: NVIDIA GeForce RTX 3070: HP GeForce RTX 3070,dGPU [#0]: NVIDIA GeForce RTX 3070: HP GeForce RTX 3070,dGPU [#0]: NVIDIA GeForce RTX 3070: HP GeForce RTX 3070,dGPU [#0]: NVIDIA GeForce RTX 3070: HP GeForce RTX 3070,dGPU [#0]: NVIDIA GeForce RTX 3070: HP GeForce RTX 3070,dGPU [#0]: NVIDIA GeForce RTX 3070: HP GeForce RTX 3070,dGPU [#0]: NVIDIA GeForce RTX 3070: HP GeForce RTX 3070,dGPU [#0]: NVIDIA GeForce RTX 3070: HP GeForce RTX 3070,dGPU [#0]: NVIDIA GeForce RTX 3070: HP GeForce RTX 3070,dGPU [#0]: NVIDIA GeForce RTX 3070: HP GeForce RTX 3070,dGPU [#0]: NVIDIA GeForce RTX 3070: HP GeForce RTX 3070,dGPU [#0]: NVIDIA GeForce RTX 3070: HP GeForce RTX 3070,dGPU [#0]: NVIDIA GeForce RTX 3070: HP GeForce RTX 3070,dGPU [#0]: NVIDIA GeForce RTX 3070: HP GeForce RTX 3070,dGPU [#0]: NVIDIA GeForce RTX 3070: HP GeForce RTX 3070,dGPU [#0]: NVIDIA GeForce RTX 3070: HP GeForce RTX 3070,dGPU [#0]: NVIDIA GeForce RTX 3070: HP GeForce RTX 3070,dGPU [#0]: NVIDIA GeForce RTX 3070: HP GeForce RTX 3070,dGPU [#0]: NVIDIA GeForce RTX 3070: HP GeForce RTX 3070,dGPU [#0]: NVIDIA GeForce RTX 3070: HP GeForce RTX 3070,dGPU [#0]: NVIDIA GeForce RTX 3070: HP GeForce RTX 3070,dGPU [#0]: NVIDIA GeForce RTX 3070: HP GeForce RTX 3070,dGPU [#0]: NVIDIA GeForce RTX 3070: HP GeForce RTX 3070,dGPU [#0]: NVIDIA GeForce RTX 3070: HP GeForce RTX 3070,dGPU [#0]: NVIDIA GeForce RTX 3070: HP GeForce RTX 3070,dGPU [#0]: NVIDIA GeForce RTX 3070: HP GeForce RTX 3070,dGPU [#0]: NVIDIA GeForce RTX 3070: HP GeForce RTX 3070,dGPU [#0]: NVIDIA GeForce RTX 3070: HP GeForce RTX 3070,dGPU [#0]: NVIDIA GeForce RTX 3070: HP GeForce RTX 3070,dGPU [#0]: NVIDIA GeForce RTX 3070: HP GeForce RTX 3070,dGPU [#0]: NVIDIA GeForce RTX 3070: HP GeForce RTX 3070,dGPU [#0]: NVIDIA GeForce RTX 3070: HP GeForce RTX 3070,dGPU [#0]: NVIDIA GeForce RTX 3070: HP GeForce RTX 3070,dGPU [#0]: NVIDIA GeForce RTX 3070: HP GeForce RTX 3070,dGPU [#0]: NVIDIA GeForce RTX 3070: HP GeForce RTX 3070,dGPU [#0]: NVIDIA GeForce RTX 3070: HP GeForce RTX 3070,dGPU [#0]: NVIDIA GeForce RTX 3070: HP GeForce RTX 3070,dGPU [#0]: NVIDIA GeForce RTX 3070: HP GeForce RTX 3070,dGPU [#0]: NVIDIA GeForce RTX 3070: HP GeForce RTX 3070,dGPU [#0]: NVIDIA GeForce RTX 3070: HP GeForce RTX 3070,dGPU [#0]: NVIDIA GeForce RTX 3070: HP GeForce RTX 3070,dGPU [#0]: NVIDIA GeForce RTX 3070: HP GeForce RTX 3070,dGPU [#0]: NVIDIA GeForce RTX 3070: HP GeForce RTX 3070,dGPU [#0]: NVIDIA GeForce RTX 3070: HP GeForce RTX 3070,dGPU [#0]: NVIDIA GeForce RTX 3070: HP GeForce RTX 3070,dGPU [#0]: NVIDIA GeForce RTX 3070: HP GeForce RTX 3070,dGPU [#0]: NVIDIA GeForce RTX 3070: HP GeForce RTX 3070,dGPU [#0]: NVIDIA GeForce RTX 3070: HP GeForce RTX 3070,dGPU [#0]: NVIDIA GeForce RTX 3070: HP GeForce RTX 3070,dGPU [#0]: NVIDIA GeForce RTX 3070: HP GeForce RTX 3070,dGPU [#0]: NVIDIA GeForce RTX 3070: HP GeForce RTX 3070,dGPU [#0]: NVIDIA GeForce RTX 3070: HP GeForce RTX 3070,dGPU [#0]: NVIDIA GeForce RTX 3070: HP GeForce RTX 3070,dGPU [#0]: NVIDIA GeForce RTX 3070: HP GeForce RTX 3070,dGPU [#0]: NVIDIA GeForce RTX 3070: HP GeForce RTX 3070,dGPU [#0]: NVIDIA GeForce RTX 3070: HP GeForce RTX 3070,dGPU [#0]: NVIDIA GeForce RTX 3070: HP GeForce RTX 3070,PresentMon [chrome.exe],PresentMon [chrome.exe],PresentMon [chrome.exe],PresentMon [chrome.exe],PresentMon [chrome.exe],PresentMon [chrome.exe],PresentMon [chrome.exe],PresentMon [chrome.exe],PresentMon [chrome.exe],PresentMon [chrome.exe],PresentMon [chrome.exe],PresentMon [chrome.exe],PresentMon [chrome.exe],PresentMon [chrome.exe],PresentMon [chrome.exe],PresentMon [chrome.exe],PresentMon [chrome.exe],PresentMon [chrome.exe],PresentMon [chrome.exe],PresentMon [chrome.exe],PresentMon [chrome.exe],PresentMon [chrome.exe],PresentMon [chrome.exe],Network: RealTek Semiconductor RTL8822CE Wireless LAN 802.11ac PCI-E NIC - Wi-Fi,Network: RealTek Semiconductor RTL8822CE Wireless LAN 802.11ac PCI-E NIC - Wi-Fi,Network: RealTek Semiconductor RTL8822CE Wireless LAN 802.11ac PCI-E NIC - Wi-Fi,Network: RealTek Semiconductor RTL8822CE Wireless LAN 802.11ac PCI-E NIC - Wi-Fi,Network: RealTek Semiconductor RTL8168/8111 PCI-E Gigabit Ethernet NIC - Ethernet,Network: RealTek Semiconductor RTL8168/8111 PCI-E Gigabit Ethernet NIC - Ethernet,Network: RealTek Semiconductor RTL8168/8111 PCI-E Gigabit Ethernet NIC - Ethernet,Network: RealTek Semiconductor RTL8168/8111 PCI-E Gigabit Ethernet NIC - Ethernet,Windows Hardware Errors (WHEA),
